<?xml version="1.0" encoding="UTF-8"?>

<mule xmlns:jms="http://www.mulesoft.org/schema/mule/jms"
	xmlns:context="http://www.springframework.org/schema/context" xmlns:db="http://www.mulesoft.org/schema/mule/db"
	xmlns:http="http://www.mulesoft.org/schema/mule/http"
	xmlns="http://www.mulesoft.org/schema/mule/core" xmlns:doc="http://www.mulesoft.org/schema/mule/documentation"
	xmlns:spring="http://www.springframework.org/schema/beans" 
	xmlns:xsi="http://www.w3.org/2001/XMLSchema-instance"
	xsi:schemaLocation="http://www.mulesoft.org/schema/mule/jms http://www.mulesoft.org/schema/mule/jms/current/mule-jms.xsd
http://www.mulesoft.org/schema/mule/db http://www.mulesoft.org/schema/mule/db/current/mule-db.xsd
http://www.mulesoft.org/schema/mule/http http://www.mulesoft.org/schema/mule/http/current/mule-http.xsd
http://www.springframework.org/schema/beans http://www.springframework.org/schema/beans/spring-beans-current.xsd
http://www.mulesoft.org/schema/mule/core http://www.mulesoft.org/schema/mule/core/current/mule.xsd
http://www.springframework.org/schema/context http://www.springframework.org/schema/context/spring-context-current.xsd">
 
    <spring:beans>
        <spring:bean id="datasource" name="datasource" class="org.enhydra.jdbc.standard.StandardDataSource" destroy-method="shutdown">
            <spring:property name="driverName" value="org.apache.derby.jdbc.EmbeddedDriver"/>
            <spring:property name="url" value="jdbc:derby:memory:training"/>
        </spring:bean>
        <spring:bean id="dbinitialization" name="dbinit" class="com.mulesoft.training.beans.DbInitBean"/>
        <spring:bean id="ftpinitialization" name="ftpinit" class="com.mulesoft.training.beans.FtpInitBean"/>
    </spring:beans>
    
    <db:derby-config name="Derby_Database_Configuration" dataSource-ref="datasource" doc:name="Derby Configuration"/>
    
    <http:listener-config name="HTTP_Listener_Configuration" host="0.0.0.0" port="8081" doc:name="HTTP Listener Configuration"/>
    <context:property-placeholder location="${env}.properties"/>
    <db:generic-config name="PostGres_Database_Configuration" url="${partner1.db.url}" driverClassName="org.postgresql.Driver" doc:name="Generic Database Configuration" doc:description="Used to connect to the real partner database upon deployment to production"/>
    
    <jms:activemq-connector name="Active_MQ" username="${jms.username}" password="${jms.password}" brokerURL="${jms.url}" validateConnections="true" doc:name="Active MQ"/>
    <jms:activemq-connector name="Active_MQ_Local" brokerURL="vm://localhost" validateConnections="true" doc:name="Active MQ"/>





</mule>
