<?xml version="1.0" encoding="UTF-8"?>

<mule xmlns:tracking="http://www.mulesoft.org/schema/mule/ee/tracking" xmlns:file="http://www.mulesoft.org/schema/mule/file" xmlns:dw="http://www.mulesoft.org/schema/mule/ee/dw" xmlns:jms="http://www.mulesoft.org/schema/mule/jms" xmlns="http://www.mulesoft.org/schema/mule/core" xmlns:doc="http://www.mulesoft.org/schema/mule/documentation"
	xmlns:spring="http://www.springframework.org/schema/beans" 
	xmlns:xsi="http://www.w3.org/2001/XMLSchema-instance"
	xsi:schemaLocation="http://www.springframework.org/schema/beans http://www.springframework.org/schema/beans/spring-beans-current.xsd
http://www.mulesoft.org/schema/mule/core http://www.mulesoft.org/schema/mule/core/current/mule.xsd
http://www.mulesoft.org/schema/mule/jms http://www.mulesoft.org/schema/mule/jms/current/mule-jms.xsd
http://www.mulesoft.org/schema/mule/file http://www.mulesoft.org/schema/mule/file/current/mule-file.xsd
http://www.mulesoft.org/schema/mule/ee/dw http://www.mulesoft.org/schema/mule/ee/dw/current/dw.xsd
http://www.mulesoft.org/schema/mule/ee/tracking http://www.mulesoft.org/schema/mule/ee/tracking/current/mule-tracking-ee.xsd">
    <flow name="sendToOnlineRetailPlusJmsQueue">
        <set-variable variableName="recordCount" value="#[payload.size()]" doc:name="Set recordCount"/>
        <dw:transform-message doc:name="Convert to CSV">
            <dw:set-payload><![CDATA[%dw 1.0
%output application/csv
---
payload]]></dw:set-payload>
        </dw:transform-message>
        <jms:outbound-endpoint queue="oretailplus" connector-ref="Active_MQ_Local" doc:name="JMS"/>
        <file:outbound-endpoint path="${partner3.fileWrite}" outputPattern="MULEBANK-${partner3.name}-#[server.dateTime.toXMLCalendar().toGregorianCalendar().getTimeInMillis()]-#[flowVars.recordCount].csv" responseTimeout="10000" doc:name="File"/>
    </flow>
</mule>
